model,accuracy,macro_f1,weighted_f1
XLM-RoBERTa,0.3617149758454106,0.14771783859597792,0.3436691840219632
DistilBERT,0.3756038647342995,0.16167937570898785,0.3556345721988723
FLAN-T5 Few-shot,0.4788647342995169,0.10249802346422054,0.3289099677504965
