event,samples,accuracy,macro_f1
SpainElection,218,0.3944954128440367,0.16104157755551043
LaLiga,119,0.453781512605042,0.1506447740386477
GameOfThrones,219,0.3378995433789954,0.15035198872970296
GretaThunberg,139,0.4748201438848921,0.14853197823632072
ChampionsLeague,232,0.40086206896551724,0.14556661462399165
NotreDame,225,0.24888888888888888,0.14083768385420392
WorldBookDay,240,0.4041666666666667,0.13685422855304347
Venezuela,234,0.3333333333333333,0.13604470896685866
