Modelo,Tipo,Parámetros,Accuracy,Macro F1,Weighted F1
DistilBERT-multilingual,Fine-tuning (Encoder),66M,0.3756038647342995,0.16167937570898785,0.3556345721988723
XLM-RoBERTa-base,Fine-tuning (Encoder),278M,0.3617149758454106,0.14771783859597792,0.3436691840219632
FLAN-T5-base,Few-shot (Generativo),248M,0.4788647342995169,0.10249802346422054,0.3289099677504965
