event,samples,accuracy,macro_f1
NotreDame,225,0.5155555555555555,0.13639688947896064
GretaThunberg,139,0.5035971223021583,0.12540706605222735
Venezuela,234,0.5128205128205128,0.10635944700460831
SpainElection,218,0.48623853211009177,0.10576819407008085
WorldBookDay,240,0.4666666666666667,0.09642401021711366
GameOfThrones,219,0.4474885844748858,0.09454212454212454
LaLiga,119,0.47058823529411764,0.09195402298850575
ChampionsLeague,232,0.41810344827586204,0.08449477351916376
