event,samples,accuracy,macro_f1
SpainElection,218,0.3944954128440367,0.16530234590960866
GretaThunberg,139,0.4676258992805755,0.15251901251901254
Venezuela,234,0.37606837606837606,0.1432585872385696
LaLiga,119,0.44537815126050423,0.13968515037593984
ChampionsLeague,232,0.33620689655172414,0.12913785308172546
GameOfThrones,219,0.3242009132420091,0.1265769029550521
NotreDame,225,0.27111111111111114,0.1265411864227556
WorldBookDay,240,0.32916666666666666,0.10903350364262783
